Timestamp,language,problem
2024-01-03 14:22:15,Python,Tideman
2024-01-03 14:23:16,Go,"Hello, World"
2024-01-03 14:24:17,Python,Mario
2024-01-03 14:25:18,Go,BFS
2024-01-03 14:26:19,Python,DFS
2024-01-03 14:27:20,Go,BFS
2024-01-03 14:28:21,Python,Filter
2024-01-03 14:29:22,Go,DFS
2024-01-03 14:30:23,Python,BFS
2024-01-03 14:31:24,Go,BFS
2024-01-03 14:32:25,Python,Tideman
2024-01-03 14:33:26,Go,DFS
2024-01-03 14:34:27,Python,Mario
2024-01-03 14:35:28,Go,BFS
2024-01-03 14:36:29,Python,Filter
2024-01-03 14:37:30,Go,DF
2024-01-03 14:38:31,Python,"Hello, World"
2024-01-03 14:39:32,Go,BFS
2024-01-03 14:40:33,Python,DFS
2024-01-03 14:41:34,Go,DFS
2024-01-03 14:41:36,Go,FS
